Key,en,es,ar
Dashboard,Dashboard,Panel,لوحة القيادة
Join Now,Join Now,Únete ahora,نضم الان
Menus,Menus,Menús,قوائم
Email Address,Email Address,Dirección de correo electrónico,عنوان البريد الإلكتروني
Subscribe,Subscribe,Suscribir,يشترك
is Proudly Powered by AppDevs,is Proudly Powered by AppDevs,está alimentado con orgullo por Appdevs,مدعوم من AppDevs بفخر
Name,Name,Nombre,اسم
Email,Email,Correo electrónico,بريد إلكتروني
Message,Message,Mensaje,رسالة
Send Message,Send Message,Enviar mensaje,إرسال الرسالة
Enter Name,Enter Name,Ingrese su nombre,أدخل الاسم
Enter Email,Enter Email,Ingrese correo electrónico,أدخل البريد الإلكتروني
Write Here,Write Here,Escribe aquí,اكتب هنا
Contact Request successfully send!,Contact Request successfully send!,¡Contacto Solicitud de contactar con éxito!,طلب الاتصال بنجاح إرسال!
Subscription successful!,Subscription successful!,Suscripción exitosa!,اشتراك ناجح!
Language Switch to English,Language Switch to English,El idioma cambia al inglés,تحول اللغة إلى اللغة الإنجليزية
Language Switch to Spanish,Language Switch to Spanish,El idioma cambia al español,تحول اللغة إلى الإسبانية
Language Switch to Arabic,Language Switch to Arabic,Idioma cambia al árabe,تحول اللغة إلى اللغة العربية
Enter Password,Enter Password,Introducir la contraseña,أدخل كلمة المرور
Forgot Password?,Forgot Password?,¿Has olvidado tu contraseña?,هل نسيت كلمة السر؟
Login Now,Login Now,Inicia sesión ahora,تسجيل الدخول الآن
Don't Have An Account?,Don't Have An Account?,¿No tienes una cuenta?,ليس لديك حساب؟
Register Now,Register Now,Regístrate ahora,سجل الان
By clicking Login you are agreeing with our,By clicking Login you are agreeing with our,"Al hacer clic en Iniciar sesión, está de acuerdo con nuestro",بالنقر فوق تسجيل الدخول ، فأنت توافق على
Terms of feature,Terms of feature,Términos de característica,شروط الميزة
First Name,First Name,Nombre de pila,الاسم الأول
Last Name,Last Name,Apellido,اسم العائلة
Password,Password,Contraseña,كلمة المرور
I have agreed with,I have agreed with,He estado de acuerdo con,لقد وافقت مع
Terms Of Use & Privacy Policy,Terms Of Use & Privacy Policy,Términos de uso y política de privacidad,شروط الاستخدام وسياسة الخصوصية
Please enter the code,Please enter the code,Ingrese el código,الرجاء إدخال الرمز
We sent a 6 digit code here,We sent a 6 digit code here,Enviamos un código de 6 dígitos aquí,أرسلنا رمزًا مكون من 6 أرقام هنا
You can resend the code after,You can resend the code after,Puede reenviar el código después,يمكنك إعادة تقديم الرمز بعد
Submit,Submit,Entregar,يُقدِّم
Back To,Back To,De regreso,ارجع الى
Login,Login,Acceso,تسجيل الدخول
Didn't get the code?,Didn't get the code?,¿No obtuvo el código?,لم تحصل على الرمز؟
Resend,Resend,Revender,إعادة إرسال
Mail Resend Success!,Mail Resend Success!,Correo de reiniciar el éxito!,إعادة إرسال البريد النجاح!
Please verify your mail address. Check your mail inbox to get verification code,Please verify your mail address. Check your mail inbox to get verification code,Verifique su dirección de correo. Verifique su bandeja de entrada de correo para obtener el código de verificación,يرجى التحقق من عنوان البريد الخاص بك. تحقق من صندوق البريد الخاص بك للحصول على رمز التحقق
Account successfully verified,Account successfully verified,Cuenta verificada con éxito,الحساب تم التحقق منه بنجاح
Reset Your Forgotten Password?,Reset Your Forgotten Password?,Restablecer su contraseña olvidada?,أعد ضبط كلمة المرور المنسية؟
Take control of your account by resetting your password. Our password recovery page guides you through the necessary steps to securely reset your password.,Take control of your account by resetting your password. Our password recovery page guides you through the necessary steps to securely reset your password.,Tome el control de su cuenta restableciendo su contraseña. Nuestra página de recuperación de contraseña lo guía a través de los pasos necesarios para restablecer de forma segura su contraseña.,تحكم في حسابك عن طريق إعادة تعيين كلمة المرور الخاصة بك. توجهك صفحة استرداد كلمة المرور الخاصة بنا من خلال الخطوات اللازمة لإعادة تعيين كلمة المرور الخاصة بك بشكل آمن.
Send OTP,Send OTP,Enviar OTP,إرسال OTP
Verification code sent to your email address.,Verification code sent to your email address.,Código de verificación enviado a su dirección de correo electrónico.,تم إرسال رمز التحقق إلى عنوان بريدك الإلكتروني.
Password Reset,Password Reset,Restablecimiento de contraseña,إعادة تعيين كلمة المرور
Reset Your Password,Reset Your Password,Restablecer su contraseña,اعد ضبط كلمه السر
Enter New Password,Enter New Password,Ingrese nueva clave,أدخل كلمة مرور جديدة
Enter Confirm Password,Enter Confirm Password,Ingrese Confirmar contraseña,أدخل تأكيد كلمة المرور
Reset,Reset,Reiniciar,إعادة ضبط
Password reset success. Please login with new password.,Password reset success. Please login with new password.,El éxito de restablecimiento de contraseña. Inicie sesión con una nueva contraseña.,إعادة تعيين كلمة المرور النجاح. يرجى تسجيل الدخول بكلمة مرور جديدة.
My Wallets,My Wallets,Mis billeteras,محافظتي
View More,View More,Ver más,عرض المزيد
Buy Crypto Chart,Buy Crypto Chart,Comprar gráfico criptográfico,شراء مخطط التشفير
Sell Crypto Chart,Sell Crypto Chart,Vender gráfico de cifrado,بيع مخطط التشفير
Buy Log,Buy Log,Comprar registro,شراء السجل
Transaction data not found!,Transaction data not found!,¡Datos de transacción no encontrados!,بيانات المعاملة غير موجودة!
Home,Home,Hogar,بيت
About,About,Acerca de,عن
Service,Service,Servicio,خدمة
Web Journal ,Web Journal ,Diario web,مجلة الويب
Contact,Contact,Contacto,اتصال
"Ex: Buy Crypto, Sell Crypto","Ex: Buy Crypto, Sell Crypto","Ej: comprar criptografía, vender cripto",على سبيل المثال: شراء التشفير ، بيع التشفير
Notification,Notification,Notificación,إشعار
All Wallets,All Wallets,Todas las billeteras,جميع المحافظ
No Wallet Found!,No Wallet Found!,¡No se encuentra la billetera!,لم يتم العثور على محفظة!
Wallet Details,Wallet Details,Detalles de la billetera,تفاصيل المحفظة
Available Network,Available Network,Red disponible,الشبكة المتاحة
Network Name,Network Name,Nombre de red,اسم الشبكة
Profile,Profile,Perfil,حساب تعريفي
Profile Settings,Profile Settings,Configuración de perfil,إعدادات الملف الشخصي
Delete Profile,Delete Profile,Borrar perfil,حذف الملف الشخصي
Country,Country,País,دولة
Select Country,Select Country,Seleccionar país,حدد الدولة
Phone,Phone,Teléfono,هاتف
Address,Address,DIRECCIÓN,عنوان
Enter Address,Enter Address,Ingresa la direccion,أدخل العنوان
City,City,Ciudad,مدينة
Enter City,Enter City,Entrar en la ciudad,أدخل المدينة
State,State,Estado,ولاية
Enter State,Enter State,Ingrese el estado,إدخال الدولة
Zip Code,Zip Code,Código postal,الرمز البريدي
Enter Zip,Enter Zip,Ingrese zip,أدخل الرمز البريدي
Update,Update,Actualizar,تحديث
Change Password,Change Password,Cambiar la contraseña,تغيير كلمة المرور
Current Password,Current Password,Contraseña actual,كلمة السر الحالية
New Password,New Password,Nueva contraseña,كلمة المرور الجديدة
Confirm Password,Confirm Password,confirmar Contraseña,تأكيد كلمة المرور
Change,Change,Cambiar,يتغير
Delete Account,Delete Account,Borrar cuenta,حذف الحساب
Are you sure to delete,Are you sure to delete,¿Estás seguro de eliminar?,هل انت متأكد من الحذف
your account,your account,su cuenta,الحساب الخاص بك
If you do not think you will use,If you do not think you will use,Si no crees que usarás,إذا كنت لا تعتقد أنك ستستخدم
"again and like your account deleted, we can take card of this for you. Keep in mind you will not be able to reactivate your account or retrieve any of the content or information you have added. If you would still like your account deleted, click “Delete Account”.?","again and like your account deleted, we can take card of this for you. Keep in mind you will not be able to reactivate your account or retrieve any of the content or information you have added. If you would still like your account deleted, click “Delete Account”.?","De nuevo y al igual que su cuenta eliminada, podemos tomar una tarjeta de esto para usted. Tenga en cuenta que no podrá reactivar su cuenta o recuperar ninguno de los contenidos o información que haya agregado. Si aún desea que su cuenta se elimine, haga clic en ""Eliminar cuenta"".","مرة أخرى ومثل حسابك المحذوفة ، يمكننا أخذ بطاقة من هذا لك. ضع في اعتبارك أنك لن تتمكن من إعادة تنشيط حسابك أو استرداد أي من المحتوى أو المعلومات التي أضفتها. إذا كنت لا تزال تحب حذف حسابك ، فانقر فوق ""حذف الحساب"".؟"
Enter Number,Enter Number,Ingresar número,أدخل رقم
Profile successfully updated!,Profile successfully updated!,Perfil actualizado con éxito!,تم تحديث الملف الشخصي بنجاح!
Password successfully updated,Password successfully updated,Contraseña actualizada correctamente,تم تحديث كلمة المرور بنجاح
The password must be at least 6 characters.,The password must be at least 6 characters.,La contraseña debe tener al menos 6 caracteres.,يجب أن تكون كلمة المرور 6 أحرف على الأقل.
Current password didn\'t match,Current password didn\'t match,La contraseña actual no coincidía,كلمة المرور الحالية لم تتطابق
Something went wrong! Please try again,Something went wrong! Please try again,¡Algo salió mal! Inténtalo de nuevo,هناك خطأ ما! حاول مرة اخرى
The firstname field is required.,The firstname field is required.,Se requiere el campo Nombre FirstName.,حقل الاسم الأول مطلوب.
The lastname field is required.,The lastname field is required.,Se requiere el campo LastName.,حقل اسم LastName مطلوب.
The current password field is required.,The current password field is required.,Se requiere el campo de contraseña actual.,حقل كلمة المرور الحالي مطلوب.
The password field is required.,The password field is required.,Se requiere el campo de contraseña.,حقل كلمة المرور مطلوب.
The name field is required.,The name field is required.,Se requiere el campo de nombre.,حقل الاسم مطلوب.
The email field is required.,The email field is required.,Se requiere el campo de correo electrónico.,حقل البريد الإلكتروني مطلوب.
The message field is required.,The message field is required.,Se requiere el campo de mensaje.,حقل الرسالة مطلوب.
Buy Crypto,Buy Crypto,Comprar cripto,شراء التشفير
Sell Crypto,Sell Crypto,Vender cripto,بيع التشفير
Withdraw Crypto,Withdraw Crypto,Retirar cripto,سحب التشفير
Exchange Crypto,Exchange Crypto,Intercambiar cripto,تبادل التشفير
Transactions,Transactions,Actas,المعاملات
Sell Log,Sell Log,Vender registro,بيع سجل
Withdraw Log,Withdraw Log,Retirar el registro,سحب السجل
Exchange Log,Exchange Log,Registro de intercambio,سجل التبادل
2FA Security,2FA Security,2FA SEGURIDAD,2FA الأمن
Logout,Logout,Cerrar sesión,تسجيل خروج
Help Center,Help Center,Centro de ayuda,مركز المساعدة
How can we help you?,How can we help you?,como podemos ayudarte?,كيف يمكننا مساعدتك؟
Get Support,Get Support,Obtener apoyo,احصل على الدعم
Are you sure to,Are you sure to,¿Estás seguro de,هل أنت متأكد من ذلك
Inside Wallet,Inside Wallet,Billetera interior,داخل المحفظة
Outside Wallet,Outside Wallet,Billetera exterior,محفظة خارجية
Select Coin,Select Coin,Seleccionar moneda,حدد عملة
Search Here,Search Here,Busca aquí,ابحث هنا
Select Network,Select Network,Seleccione la red,اختر شبكة
Crypto Address,Crypto Address,Dirección criptográfica,عنوان التشفير
Enter or Paste Address,Enter or Paste Address,Ingrese o pegue la dirección,أدخل أو لصق العنوان
Amount,Amount,Cantidad,كمية
Enter Amount,Enter Amount,Ingresar la cantidad,أدخل المبلغ
Payment Method,Payment Method,Método de pago,طريقة الدفع او السداد
Continue,Continue,Continuar,يكمل
The amount field is required.,The amount field is required.,Se requiere el campo de la cantidad.,حقل المبلغ مطلوب.
Wallet not found!,Wallet not found!,¡Billetera no encontrada!,لم يتم العثور على محفظة!
Payment Method not found!,Payment Method not found!,¡Método de pago no encontrado!,طريقة الدفع لم يتم العثور عليها!
Please follow the transaction limit.,Please follow the transaction limit.,Siga el límite de transacción.,يرجى اتباع حد المعاملة.
Buy Crypto Preview,Buy Crypto Preview,Comprar una vista previa de Crypto,شراء معاينة التشفير
Summary,Summary,Resumen,ملخص
Wallet Type,Wallet Type,Tipo de billetera,نوع المحفظة
Coin,Coin,Moneda,عملة
Network,Network,Red,شبكة
Wallet Address,Wallet Address,Dirección de la billetera,عنوان محفظة
Exchange Rate,Exchange Rate,Tipo de cambio,سعر الصرف
Network Fees,Network Fees,Tarifas de red,رسوم الشبكة
Total Payable Amount,Total Payable Amount,Monto total por pagar,إجمالي المبلغ المستحق
Confirm,Confirm,Confirmar,يتأكد
Buy Crypto Successful.,Buy Crypto Successful.,Compre crypto exitoso.,شراء Crypto ناجحة.
Transaction failed. Record didn\'t saved properly. Please try again.,Transaction failed. Record didn\'t saved properly. Please try again.,Transacción fallida. El registro no se guardó correctamente. Inténtalo de nuevo.,فشل الاجراء. سجل لم يتم حفظه بشكل صحيح. حاول مرة اخرى.
Failed to save data. Please try again,Failed to save data. Please try again,No se pudo guardar datos. Inténtalo de nuevo,فشل في حفظ البيانات. حاول مرة اخرى
Invalid request,Invalid request,Solicitud no válida,طلب غير صالح
Selected gateway is invalid,Selected gateway is invalid,La puerta de enlace seleccionada no es válida,بوابة مختارة غير صالحة
This payment gateway is under constructions. Please try with another payment gateway,This payment gateway is under constructions. Please try with another payment gateway,Esta pasarela de pago está en construcciones. Intente con otra pasarela de pago,بوابة الدفع هذه قيد الإنشاء. يرجى المحاولة مع بوابة دفع أخرى
Buy Crypto Manual,Buy Crypto Manual,Comprar manual de cripto,شراء دليل التشفير
Proceed_WEB,Proceed_WEB,Proceder_WEB,stop_web
Pay With This Address,Pay With This Address,Pagar con esta dirección,ادفع مع هذا العنوان
Qr Code,Qr Code,Código QR,رمز الاستجابة السريعة
Payment Received Successfully!,Payment Received Successfully!,¡Pago recibido con éxito!,تم استلام الدفع بنجاح!
Txn Hash,Txn Hash,TXN hash,تجزئة TXN
Preview_WEB,Preview_WEB,Preview_web,معاينة
Exchange Rate_WEB,Exchange Rate_WEB,Tasa de cambio_web,سعر الصرف
Fees_WEB,Fees_WEB,Tarifas_web,الرسوم
Total Payable_WEB,Total Payable_WEB,TOTAL PAGABLE_WEB,إجمالي payable_web
You Will Get_WEB,You Will Get_WEB,Gette_web,سوف get_web
Transaction hash is required for verify,Transaction hash is required for verify,Se requiere hash de transacción para verificar,تجزئة المعاملة مطلوبة للتحقق
Transaction hash is not valid! Please input a valid hash,Transaction hash is not valid! Please input a valid hash,¡La transacción hash no es válida! Ingrese un hash válido,تجزئة المعاملة غير صالحة! الرجاء إدخال تجزئة صالحة
Insufficient amount added. Please contact with system administrator,Insufficient amount added. Please contact with system administrator,Cantidad insuficiente agregada. Póngase en contacto con el administrador del sistema,المبلغ غير الكافي المضافة. يرجى الاتصال بمسؤول النظام
Payment Confirmation Success.,Payment Confirmation Success.,Éxito de confirmación de pagos.,نجاح تأكيد الدفع.
Sorry! Insufficient Balance.,Sorry! Insufficient Balance.,¡Lo siento! Saldo insuficiente.,آسف! توازن غير كاف.
Outside Wallet is not available for this coin and network.,Outside Wallet is not available for this coin and network.,La billetera exterior no está disponible para esta moneda y red.,المحفظة الخارجية غير متوفرة لهذه العملة والشبكة.
Data not found!,Data not found!,¡Datos no encontrados!,لم يتم العثور على بيانات!
Sell Crypto Payment,Sell Crypto Payment,Vender pago criptográfico,بيع الدفع التشفير
Transactions Summary,Transactions Summary,Resumen de transacciones,ملخص المعاملات
Will Get Amount,Will Get Amount,Obtendrá la cantidad,سوف تحصل على المبلغ
Sell Crypto Payment Info,Sell Crypto Payment Info,Vender información de pago criptográfico,بيع معلومات دفع التشفير
Receiving Method Information,Receiving Method Information,Recibir información sobre el método,استلام معلومات طريقة
Payment Proof,Payment Proof,Prueba de pago,دليل الدفع
Branch,Branch,Rama,فرع
Bank Name,Bank Name,Nombre del banco,اسم البنك
Bank Number,Bank Number,Número de banco,عدد البنوك
Transaction ID,Transaction ID,ID de transacción,رقم المعاملة
trx_id,trx_id,trx_id,TRX_ID
Screenshot,Screenshot,Captura de pantalla,لقطة شاشة
Selected Outside Address is invalid,Selected Outside Address is invalid,La dirección exterior seleccionada no es válida,العنوان الخارجي المحدد غير صالح
Transaction Failed. Failed to save information. Please try again,Transaction Failed. Failed to save information. Please try again,Transacción fallida. No se pudo guardar información. Inténtalo de nuevo,فشل الاجراء. فشل في حفظ المعلومات. حاول مرة اخرى
Payment Gateway Currency not found right now. Please try with another payment gateway,Payment Gateway Currency not found right now. Please try with another payment gateway,Moneda de la pasarela de pago no encontrada en este momento. Intente con otra pasarela de pago,عملة بوابة الدفع لم يتم العثور عليها الآن. يرجى المحاولة مع بوابة دفع أخرى
Sell Crypto Preview,Sell Crypto Preview,Vender vista previa de Crypto,بيع معاينة التشفير
Payment Proof Summary,Payment Proof Summary,Resumen de la prueba de pago,ملخص دليل الدفع
Receiving Method Summary,Receiving Method Summary,Resumen del método de recepción,استلام ملخص طريقة
Sell Crypto Successful.,Sell Crypto Successful.,Vender criptoe exitoso.,بيع التشفير الناجح.
Type Here,Type Here,Escriba aquí,أكتب هنا
Max,Max,Máximo,الأعلى
Can\'t withdraw/request to your own,Can\'t withdraw/request to your own,¿No puede retirar/solicitar su propio,لا تستطيع الانسحاب/الطلب إلى بنفسك
The wallet address field is required.,The wallet address field is required.,Se requiere el campo de dirección de la billetera.,حقل عنوان المحفظة مطلوب.
Withdraw Crypto Preview,Withdraw Crypto Preview,Retirar la vista previa de Crypto,سحب معاينة التشفير
Withdraw Crypto Successful!,Withdraw Crypto Successful!,¡Retire la criptografía exitosa!,سحب التشفير ناجحة!
Exchange From,Exchange From,Intercambiar desde,تبادل من
Exchange To,Exchange To,Intercambiar,تبادل ل
The send amount field is required.,The send amount field is required.,Se requiere el campo de monto de envío.,حقل الإرسال مطلوب.
The receive money field is required.,The receive money field is required.,Se requiere el campo de recepción de dinero.,مطلوب حقل استلام الأموال.
Sender Wallet not found!,Sender Wallet not found!,¡Billetera de remitente no encontrada!,محفظة المرسل لم يتم العثور عليها!
Receiver Wallet not found!,Receiver Wallet not found!,¡No se encuentra la billetera del receptor!,محفظة المتلقي لم يتم العثور عليها!
Exchange Crypto Preview,Exchange Crypto Preview,Vista previa de intercambio de cripto,تبادل معاينة التشفير
From Wallet,From Wallet,De la billetera,من محفظة
To Wallet,To Wallet,A la billetera,إلى محفظة
Exchange Crypto Successful.,Exchange Crypto Successful.,Intercambiar cripto exitoso.,تبادل التشفير ناجحة.
Sell,Sell,Vender,يبيع
Download,Download,Descargar,تحميل
Reject Reason,Reject Reason,Rechazar la razón,رفض السبب
Buy,Buy,Comprar,يشتري
Process,Process,Proceso,عملية
Two Factor Authenticator,Two Factor Authenticator,Autenticador de dos factores,اثنان عامل المصادقة
Disable,Disable,Desactivar,إبطال
Don't forget to add this application in your google authentication app. Otherwise you can't login in your account.,Don't forget to add this application in your google authentication app. Otherwise you can't login in your account.,"No olvide agregar esta aplicación en su aplicación de autenticación de Google. De lo contrario, no puede iniciar sesión en su cuenta.",لا تنس إضافة هذا التطبيق في تطبيق مصادقة Google الخاص بك. وإلا لا يمكنك تسجيل الدخول في حسابك.
Enable,Enable,Permitir,يُمكَِن
Google Authenticator,Google Authenticator,Autenticador de Google,مصادقة Google
Download Google Authenticator App,Download Google Authenticator App,Descargar la aplicación Google Authenticator,تنزيل تطبيق Google Authenticator
"Google Authenticator adds an extra layer of security to your online accounts by adding a second step of verification when you sign in. This means that in addition to your password, you'll also need to enter a code that is generated by the Google Authenticator app on your phone.","Google Authenticator adds an extra layer of security to your online accounts by adding a second step of verification when you sign in. This means that in addition to your password, you'll also need to enter a code that is generated by the Google Authenticator app on your phone.","Google Authenticator agrega una capa adicional de seguridad a sus cuentas en línea al agregar un segundo paso de verificación cuando inicia sesión. Esto significa que, además de su contraseña, también necesitará ingresar un código generado por la aplicación Google Authenticator en tu teléfono.",يضيف Google Authenticator طبقة إضافية من الأمان إلى حساباتك عبر الإنترنت عن طريق إضافة خطوة ثانية من التحقق عند تسجيل الدخول. وهذا يعني أنه بالإضافة إلى كلمة المرور الخاصة بك ، ستحتاج أيضًا إلى إدخال رمز تم إنشاؤه بواسطة تطبيق Google Authenticator على هاتفك.
How to Setup?,How to Setup?,¿Como instalar?,كيفيه التنصيب؟
Download App,Download App,Descargar aplicación,تحميل التطبيق
2 factor authentication (Powered by google)?,2 factor authentication (Powered by google)?,¿Autenticación de 2 factores (alimentado por Google)?,2 مصادقة عامل (مدعوم من Google)؟
Support Tickets,Support Tickets,Boletos de apoyo,تذاكر الدعم الفني
Add New,Add New,Agregar nuevo,اضف جديد
Ticket ID,Ticket ID,Identificación de entradas,معرف التذاكر
User,User,Usuario,مستخدم
username,username,nombre de usuario,اسم المستخدم
Subject,Subject,Sujeto,موضوع
Status,Status,Estado,حالة
Last Reply,Last Reply,Última respuesta,الرد الأخير
No data found!,No data found!,¡Datos no encontrados!,لاتوجد بيانات!
Add New Ticket,Add New Ticket,Agregar nuevo boleto,أضف تذكرة جديدة
Optional,Optional,Opcional,خياري
Attachments,Attachments,Archivos adjuntos,المرفقات
The subject field is required.,The subject field is required.,Se requiere el campo de sujeto.,حقل الموضوع مطلوب.
The attachment field is required.,The attachment field is required.,Se requiere el campo de fijación.,حقل المرفق مطلوب.
Oops!! Failed to upload attachment. Please try again.,Oops!! Failed to upload attachment. Please try again.,¡¡Ups!! No se pudo cargar el archivo adjunto. Inténtalo de nuevo.,أُووبس!! فشل في تحميل المرفق. حاول مرة اخرى.
Support ticket created successfully!,Support ticket created successfully!,¡Ticket de apoyo creado con éxito!,تذكرة الدعم التي تم إنشاؤها بنجاح!
Conversation,Conversation,Conversación,محادثة
Support Details,Support Details,Detalles de soporte,تفاصيل الدعم
Description,Description,Descripción,وصف
"This ticket is solved, you can't send message right now.","This ticket is solved, you can't send message right now.","Este boleto está resuelto, no puede enviar un mensaje en este momento.",تم حل هذه التذكرة ، لا يمكنك إرسال رسالة الآن.
Support Ticket,Support Ticket,Boleto de apoyo,بطاقة الدعم
Enter Subject,Enter Subject,Entrar en el sujeto,أدخل الموضوع
Total Users,Total Users,Usuarios totales,إجمالي المستخدمين
Active,Active,Activo,نشيط
Unverified ,Unverified ,Inconfirmado,لم يتم التحقق منه
Total Blog Category,Total Blog Category,Categoría de blog total,إجمالي فئة المدونة
Inactive,Inactive,Inactivo,غير نشط
Total Blogs,Total Blogs,Total de blogs,إجمالي المدونات
Total Support Ticket,Total Support Ticket,Boleto de soporte total,إجمالي تذكرة الدعم
Pending,Pending,Pendiente,قيد الانتظار
Total Transactions,Total Transactions,Transacciones totales,إجمالي المعاملات
Total Fees & Charges,Total Fees & Charges,Tarifas y cargos totales,إجمالي الرسوم والرسوم
This Month,This Month,Este mes,هذا الشهر
Last Month,Last Month,El mes pasado,الشهر الماضي
Transaction Analytics,Transaction Analytics,Análisis de transacciones,تحليلات المعاملات
User Analytics,User Analytics,Análisis de usuarios,تحليلات المستخدم
View User,View User,Ver usuario,عرض المستخدم
Latest Buy Crypto Transactions,Latest Buy Crypto Transactions,Las últimas transacciones de compra de cripto,أحدث معاملات شراء التشفير
S. Wallet,S. Wallet,S. billetera,S. محفظة
P. Method,P. Method,P. método,طريقة P.
Developed by,Developed by,Desarrollado por,طورت بواسطة
Appdevs.,Appdevs.,Appdevs.,appdevs.
Welcome To,Welcome To,Bienvenido a,مرحبا بك في
Admin Panel,Admin Panel,Panel de administrador,لوحة الادارة
Default,Default,Por defecto,تقصير
Setup Coin,Setup Coin,Moneda de configuración,عملة الإعداد
Setup Network,Setup Network,Red de configuración,شبكة الإعداد
Setup Currency,Setup Currency,Moneda de configuración,الإعداد العملة
Fees & Charges,Fees & Charges,Tarifas y cargos,الرسوم والرسوم
Outside Address,Outside Address,Dirección exterior,عنوان خارج
Transactions & Logs,Transactions & Logs,Transacciones y registros,المعاملات والسجلات
Buy Crypto Logs,Buy Crypto Logs,Comprar registros de cifrado,شراء سجلات التشفير
Pending Logs,Pending Logs,Registros pendientes,سجلات معلقة
Confirm Logs,Confirm Logs,Confirmar registros,تأكيد سجلات
Rejected Logs,Rejected Logs,Registros rechazados,سجلات مرفوضة
All Logs,All Logs,Todos los registros,جميع السجلات
Interface Panel,Interface Panel,Panel de interfaz,لوحة واجهة
User Care,User Care,Cuidado de los usuarios,رعاية المستخدم
Active Users,Active Users,Usuarios activos,المستخدمين النشطين
Email Unverified,Email Unverified,Correo electrónico no verificado,البريد الإلكتروني غير التحقق
All Users,All Users,Todos los usuarios,جميع المستخدمين
Email To Users,Email To Users,Correo electrónico a los usuarios,البريد الإلكتروني للمستخدمين
Banned Users,Banned Users,Usuarios prohibidos,المستخدمين المحظورون
Admin Care,Admin Care,Atención administrativa,رعاية المسؤول
All Admin,All Admin,Todos los administradores,كل المشرف
Admin Role,Admin Role,Rol de administrador,دور المسؤول
Role Permission,Role Permission,Permiso de rol,إذن الدور
Email To Admin,Email To Admin,Correo electrónico al administrador,البريد الإلكتروني إلى المسؤول
Settings,Settings,Ajustes,إعدادات
Web Settings,Web Settings,Configuración web,إعدادات الويب
Basic Settings,Basic Settings,Ajustes básicos,الإعدادات الأساسية
App Settings,App Settings,Ajustes de Aplicacion,إعدادات التطبيقات
Image Assets,Image Assets,Activos de imagen,أصول الصورة
Setup SEO,Setup SEO,Configuración de SEO,إعداد SEO
Splash Screen,Splash Screen,Pantalla de bienvenida,شاشة البداية
Onboard Screen,Onboard Screen,Pantalla a bordo,على متن الشاشة
App URLs,App URLs,URL de aplicaciones,APP urls
Languages,Languages,Lenguas,اللغات
Verification Center,Verification Center,Centro de verificación,مركز التحقق
Setup Email,Setup Email,Correo electrónico de configuración,إعداد البريد الإلكتروني
Email Method,Email Method,Método de correo electrónico,طريقة البريد الإلكتروني
Setup Web Content,Setup Web Content,Configurar contenido web,إعداد محتوى الويب
Setup Section,Setup Section,Sección de configuración,قسم الإعداد
Banner Section,,Banner,#VALUE!
Security Section,Security Section,Sección de seguridad,قسم الأمن
How Its Work Section,How Its Work Section,Cómo su sección de trabajo,كيف قسم عملها
Download App Section,Download App Section,Descargar la sección de aplicaciones,تنزيل قسم التطبيق
Statistic Section,Statistic Section,Sección estadística,قسم الإحصاء
Call To Action Section,Call To Action Section,Sección de llamada a la acción,قسم دعوة إلى الإجراءات
Footer Section,Footer Section,Sección de fútbol,قسم تذييل
News Letter Section,News Letter Section,Sección de la carta de noticias,قسم الرسائل الإخبارية
About Section,About Section,Acerca de la sección,حول القسم
Faq Section,Faq Section,Sección de preguntas frecuentes,قسم الأسئلة الشائعة
Service Section,Service Section,Sección de servicio,قسم الخدمة
Blog Section,Blog Section,Sección de blogs,قسم المدونة
Contact Section,Contact Section,Sección de contacto,قسم الاتصال
Login Section,Login Section,Sección de inicio de sesión,قسم تسجيل الدخول
Register Section,Register Section,Sección de registro,قسم التسجيل
Setup Pages,Setup Pages,Configuración de páginas,صفحات الإعداد
Extensions,Extensions,Extensiones,الامتدادات
Useful Links,Useful Links,Enlaces útiles,روابط مفيدة
Subscribers,Subscribers,Suscriptores,مشتركين
Contact Messages,Contact Messages,Mensajes de contacto,اتصل بالرسائل
Payment Methods,Payment Methods,Métodos de pago,طرق الدفع
Automatic,Automatic,Automático,تلقائي
Manual,Manual,Manual,يدوي
Money Out,Money Out,Apagarse,لم يبقى اي من المال
Push Notification,Push Notification,Notificación de inserción,إشعار دفع
Setup Notification,Setup Notification,Notificación de configuración,إشعار الإعداد
Send Notification,Send Notification,Enviar notificación,إرسال إشعار
Bonus,Bonus,Prima,علاوة
GDPR Cookie,GDPR Cookie,Galleta GDPR,ملف تعريف الارتباط الناتج المحلي الإجمالي
Server Info,Server Info,Información del servidor,معلومات الخادم
Clear Cache,Clear Cache,Limpiar cache,مسح ذاكرة التخزين المؤقت
Sell Crypto Logs,Sell Crypto Logs,Vender registros de cifrado,بيع سجلات التشفير
Withdraw Crypto Logs,Withdraw Crypto Logs,Retirar registros de cifrado,سحب سجلات التشفير
Exchange Crypto Logs,Exchange Crypto Logs,Intercambiar registros criptográficos,تبادل سجلات التشفير
Admin Profile,Admin Profile,Perfil de administración,ملف تعريف المسؤول
Profile Image,Profile Image,Imagen de perfil,صورة الملف الشخصي
Select State,Select State,Seleccione estado,اختر ولايه
Select City,Select City,Ciudad selecta,اختر مدينة
Save & Change,Save & Change,Guardar cambios,حفظ وتغيير
Profile Information Updated Successfully!,Profile Information Updated Successfully!,¡Información de perfil actualizada con éxito!,معلومات الملف الشخصي تحديث بنجاح!
Coins,Coins,Monedas,عملات معدنية
Add Coin,Add Coin,Agregar moneda,إضافة عملة
Write Name,Write Name,Escribir nombre,اكتب الاسم
Title,Title,Título,عنوان
Write Title,Write Title,Escribir título,اكتب العنوان
Add,Add,Agregar,يضيف
Coin already exists,Coin already exists,Ya existe monedas,عملة موجودة بالفعل
Coin Added Successfully,Coin Added Successfully,Moneda agregada con éxito,وأضاف العملة بنجاح
Coin updated successfully!,Coin updated successfully!,¡Moneda actualizada con éxito!,تم تحديث العملة بنجاح!
Coin Deleted Successfully!,Coin Deleted Successfully!,¡Moneda eliminada con éxito!,تم حذف العملة بنجاح!
Coin status updated successfully!,Coin status updated successfully!,Estado de la moneda actualizado con éxito!,تم تحديث حالة العملة بنجاح!
Edit Coin,Edit Coin,Editar moneda,تحرير العملة
Cancel,Cancel,Cancelar,يلغي
delete,delete,borrar,يمسح
this Coin?,this Coin?,esta moneda?,هذه العملة؟
Networks,Networks,Redes,الشبكات
Add Network,Add Network,Agregar red,اضافة شبكة
Coin Name,Coin Name,Nombre de la moneda,اسم العملة
Arrival Time,Arrival Time,Hora de llegada,وقت الوصول
Write Arrival Time,Write Arrival Time,Escribir la hora de llegada,اكتب وقت الوصول
Write Description,Write Description,Escribir descripción,اكتب الوصف
Min,Min,Mínimo,دقيقة
this Network?,this Network?,esta red?,هذه الشبكة؟
The arrival time field is required.,The arrival time field is required.,Se requiere el campo de hora de llegada.,مطلوب حقل وقت الوصول.
The coin field is required.,The coin field is required.,Se requiere el campo de la moneda.,حقل العملة مطلوب.
Network already exists,Network already exists,La red ya existe,شبكة موجودة بالفعل
Network Added Successfully,Network Added Successfully,Red agregada con éxito,أضافت الشبكة بنجاح
The edit_coin field is required.,The edit_coin field is required.,Se requiere el campo edit_coin.,حقل EDIT_Coin مطلوب.
The edit_name field is required.,The edit_name field is required.,Se requiere el campo edit_name.,حقل EDIT_NAME مطلوب.
The edit_arrival_time field is required.,The edit_arrival_time field is required.,Se requiere el campo edit_arrival_time.,حقل edit_arrival_time مطلوب.
Network updated successfully!,Network updated successfully!,¡Network actualizada con éxito!,تم تحديث الشبكة بنجاح!
Network Deleted Successfully!,Network Deleted Successfully!,Network eliminada con éxito!,تم حذف الشبكة بنجاح!
Network status updated successfully!,Network status updated successfully!,Estado de la red actualizado correctamente!,تم تحديث حالة الشبكة بنجاح!
Symbol,Symbol,Símbolo,رمز
Type,Type,Tipo,يكتب
Rate,Rate,Tasa,معدل
Role,Role,Role,دور
Code,Code,Código,شفرة
The code field is required.,The code field is required.,Se requiere el campo de código.,حقل الكود مطلوب.
The symbol field is required.,The symbol field is required.,Se requiere el campo de símbolos.,حقل الرمز مطلوب.
The option field is required.,The option field is required.,Se requiere el campo de opción.,حقل الخيار مطلوب.
The rate field is required.,The rate field is required.,Se requiere el campo de tasa.,حقل السعر مطلوب.
The network field is required.,The network field is required.,Se requiere el campo de red.,حقل الشبكة مطلوب.
Default currency make failed! Please try again.,Default currency make failed! Please try again.,¡Falló la moneda predeterminada! Inténtalo de nuevo.,العملة الافتراضية تجعل فشل! حاول مرة اخرى.
Currency Saved Successfully!,Currency Saved Successfully!,¡Moneda ahorrada con éxito!,العملة المحفوظة بنجاح!
Currency record not found in our system.,Currency record not found in our system.,Registro de divisas no se encuentra en nuestro sistema.,سجل العملة غير موجود في نظامنا.
Currency status updated successfully!,Currency status updated successfully!,Estado de divisas actualizado con éxito!,تم تحديث حالة العملة بنجاح!
Currency not found!,Currency not found!,Moneda no encontrada!,العملة لم يتم العثور عليها!
The currency name field is required.,The currency name field is required.,Se requiere el campo Nombre de la moneda.,حقل اسم العملة مطلوب.
The currency code field is required.,The currency code field is required.,Se requiere el campo de código de divisas.,حقل رمز العملة مطلوب.
The currency symbol field is required.,The currency symbol field is required.,Se requiere el campo de símbolo de moneda.,مطلوب حقل رمز العملة.
The currency rate field is required.,The currency rate field is required.,Se requiere el campo de tasa de divisas.,حقل معدل العملة مطلوب.
The currrency option field is required.,The currrency option field is required.,Se requiere el campo de la opción Currrency.,مطلوب حقل خيار العملات.
Image file upload faild!,Image file upload faild!,Archivo de imagen Carga Faild!,ملف الصورة تحميل فشل!
Successfully updated the information.,Successfully updated the information.,Actualizó con éxito la información.,تم تحديث المعلومات بنجاح.
Can\'t deletable default currency.,Can\'t deletable default currency.,Puede \ 't Deletible Moneda predeterminada.,لا يمكن \ 't قابلة لحذف العملة الافتراضية.
Currency deleted successfully!,Currency deleted successfully!,¡Moneda eliminada con éxito!,تم حذف العملة بنجاح!
Search,Search,Buscar,يبحث
Flag,Flag,Bandera,علَم
Add Currency,Add Currency,Agregar moneda,أضف العملة
Edit Currency,Edit Currency,Editar moneda,تحرير العملة
currency?,currency?,¿divisa?,عملة؟
Withdraw Crypto Charges,Withdraw Crypto Charges,Retirar cargos criptográficos,سحب رسوم التشفير
Exchange Crypto Charges,Exchange Crypto Charges,Intercambiar cargos criptográficos,تبادل رسوم التشفير
Charges,Charges,Cargos,رسوم
Fixed Charge,Fixed Charge,Cargo fijo,تهمة ثابتة
Percent Charge,Percent Charge,Porcentaje de cargo,تكلفة في المئة
Range,Range,Rango,يتراوح
Minimum Amount,Minimum Amount,Monto minimo,الحد الأدنى للمبلغ
Maximum Amount,Maximum Amount,Cantidad máxima,الحد الأقصى للمبلغ
Transaction charge not found!,Transaction charge not found!,¡Cargo por transacción no encontrado!,شحنة المعاملة غير موجودة!
Charge Updated Successfully!,Charge Updated Successfully!,¡Cargo actualizado con éxito!,تم تحديث الرسوم بنجاح!
Outside Wallet Payment Receiving Address,Outside Wallet Payment Receiving Address,Dirección de recepción de pago de billetera exterior,عنوان استلام محفظة خارجية
Add Outside Wallet Address,Add Outside Wallet Address,Agregar dirección de billetera exterior,أضف عنوان المحفظة الخارجية
Currency Name,Currency Name,Nombre de moneda,اسم العملة
P. Address,P. Address,P. Dirección,P. العنوان
this Outside Wallet?,this Outside Wallet?,esta billetera exterior?,هذه المحفظة الخارجية؟
Option,Option,Opción,خيار
Outside Wallet Payment Receiving Address Create,Outside Wallet Payment Receiving Address Create,Dirección de recepción de pago de billetera exterior Crear,إنشاء عنوان محفظة خارج المحفظة إنشاء عنوان
Select Currency,Select Currency,Seleccione el tipo de moneda,اختر العملة
Public Address,Public Address,Direccion publica,عنوان عام
Instruction,Instruction,Instrucción,تعليمات
Field Necessity,Field Necessity,Necesidad de campo,ضرورة الحقل
Textarea,Textarea,Textea,Textarea
File,File,Archivo,ملف
Input Text,Input Text,Texto de entrada,أدخل نصآ
Field Name,Field Name,Nombre del campo,اسم الحقل
Data fetch successfully,Data fetch successfully,Los datos obtienen con éxito,جلب البيانات بنجاح
The currency field is required.,The currency field is required.,Se requiere el campo de divisas.,حقل العملة مطلوب.
The public address field is required.,The public address field is required.,Se requiere el campo de la dirección pública.,حقل العنوان العام مطلوب.
Outside Address already exists!,Outside Address already exists!,¡La dirección exterior ya existe!,العنوان الخارجي موجود بالفعل!
Outside wallet created successfully.,Outside wallet created successfully.,Fuera de la billetera creada con éxito.,خلق محفظة خارجية بنجاح.
Outside Wallet Payment Receiving Address Edit,Outside Wallet Payment Receiving Address Edit,Dirección de recepción de pago de la billetera exterior,تحرير عنوان الدفع الخارجي للمحفظة
Collect Data,Collect Data,Recolectar datos,اجمع بيانات
Field Types,Field Types,Tipos de campo,أنواع الحقل
Max File Size (mb),Max File Size (mb),Tamaño de archivo máximo (MB),حجم الملف الأقصى (MB)
File Extension,File Extension,Extensión de archivo,امتداد الملف
Min Character,Min Character,Carácter mínimo,شخصية دقيقة
Max Character,Max Character,Personaje máximo,الحد الأقصى للشخصية
Outside wallet Updated successfully.,Outside wallet Updated successfully.,Billetera exterior actualizada con éxito.,تم تحديث محفظة خارجية بنجاح.
Outside Wallet Deleted Successfully!,Outside Wallet Deleted Successfully!,¡Fuera de la billetera eliminada con éxito!,محفظة خارجية تم حذفها بنجاح!
Outside Wallet status updated successfully!,Outside Wallet status updated successfully!,Estado de la billetera exterior actualizado con éxito!,تم تحديث حالة المحفظة الخارجية بنجاح!
Required,Required,Requerido,مطلوب
Confirm Buy Crypto Logs,Confirm Buy Crypto Logs,Confirmar comprar registros de cifrado,تأكيد شراء سجلات التشفير
Pending Buy Crypto Logs,Pending Buy Crypto Logs,Pendiente comprar registros de cifrado,في انتظار شراء سجلات التشفير
All Buy Crypto Logs,All Buy Crypto Logs,Todos compran registros de cifrado,كل شراء سجلات التشفير
Rejected Buy Crypto Logs,Rejected Buy Crypto Logs,Rechazados Comprar registros de cifrado,رفض شراء سجلات التشفير
Buy Crypto Log Details,Buy Crypto Log Details,Comprar detalles de registro de cifrado,شراء تفاصيل سجل التشفير
Sender Information,Sender Information,Información del remitente,معلومات المرسل
Wallet Name,Wallet Name,Nombre de billetera,اسم المحفظة
IP,IP,IP,IP
Browser,Browser,Navegador,متصفح
OS,OS,Sistema operativo,نظام التشغيل
TimeZone,TimeZone,Zona horaria,وحدة زمنية
Transaction Device Information,Transaction Device Information,Información del dispositivo de transacción,معلومات جهاز المعاملة
Payment Summary,Payment Summary,Resumen de pago,ملخص الدفع
Transaction Number,Transaction Number,Número de transacción,رقم التحويلة
Transaction Type,Transaction Type,tipo de transacción,نوع المعاملة
Payment Gateway,Payment Gateway,Pasarela,بوابة الدفع
Send Amount,Send Amount,Enviar un monto,أرسل المبلغ
Total Charge,Total Charge,Carga total,القيمة الاجمالية
Payable Amount,Payable Amount,Cantidad a pagar,مبلغ مستحق الدفع
Payment Status,Payment Status,Estado de pago,حالة السداد
Remark,Remark,Observación,ملاحظة
Are you sure to CONFIRM this transaction?,Are you sure to CONFIRM this transaction?,¿Estás seguro de confirmar esta transacción?,هل أنت متأكد من تأكيد هذه الصفقة؟
All Exchange Crypto Logs,All Exchange Crypto Logs,Todos los registros de cripto de intercambio,جميع سجلات تشفير التبادل
Confirm Exchange Crypto Logs,Confirm Exchange Crypto Logs,Confirmar los registros de cripto de intercambio,تأكيد سجلات تشفير التبادل
Exchange Crypto Log Details,Exchange Crypto Log Details,Detalles de registro de cripto de intercambio,تبادل تفاصيل سجل التشفير
Receiver Information,Receiver Information,información del receptor,معلومات استقبال
Pending Exchange Crypto Logs,Pending Exchange Crypto Logs,Pendiente de intercambio de registros criptográficos,في انتظار سجلات التشفير
Rejected Exchange Crypto Logs,Rejected Exchange Crypto Logs,Registros de cripto de intercambio rechazados,سجلات تشفير التبادل المرفوضة
All Sell Crypto Logs,All Sell Crypto Logs,Todos venden registros de cifrado,جميع بيع سجلات التشفير
Confirm Sell Crypto Logs,Confirm Sell Crypto Logs,Confirmar vender registros de cifrado,تأكيد بيع سجلات التشفير
Sell Crypto Log Details,Sell Crypto Log Details,Vender detalles del registro de cifrado,بيع تفاصيل سجل التشفير
Pending Sell Crypto Logs,Pending Sell Crypto Logs,Pendiente vender registros de cifrado,معلق بيع سجلات التشفير
Rejected Sell Crypto Logs,Rejected Sell Crypto Logs,Rechazados Vender registros de cifrado,تم رفض بيع سجلات التشفير
All Withdraw Crypto Logs,All Withdraw Crypto Logs,Todos los registros de cifrado retiran,كل سجلات السحب المشفرة
Confirm Withdraw Crypto Logs,Confirm Withdraw Crypto Logs,Confirmar retirar registros de cifrado,تأكيد سحب سجلات التشفير
Withdraw Crypto Log Details,Withdraw Crypto Log Details,Retirar detalles del registro de cifrado,سحب تفاصيل سجل التشفير
Wallet Code,Wallet Code,Código de billetera,رمز المحفظة
Pending Withdraw Crypto Logs,Pending Withdraw Crypto Logs,Pendiente retirar registros criptográficos,في انتظار سحب سجلات التشفير
Rejected Withdraw Crypto Logs,Rejected Withdraw Crypto Logs,Rechazos de retiro de criptografía rechazada,رفض سحب سجلات التشفير
Transaction Status updated successfully,Transaction Status updated successfully,Estado de transacción actualizado correctamente,تم تحديث حالة المعاملة بنجاح
Transaction Rejected successfully,Transaction Rejected successfully,Transacción rechazada con éxito,رفضت المعاملة بنجاح
Action,Action,Acción,فعل
Current Balance,Current Balance,Saldo actual,الرصيد الحالي
Active Tickets,Active Tickets,Boletos activos,تذاكر نشطة
User Overview,User Overview,Descripción general del usuario,نظرة عامة على المستخدم
Add/Subtract Balance,Add/Subtract Balance,Balance de suma/resta,إضافة/طرح التوازن
Login Logs,Login Logs,Iniciar sesión,سجلات تسجيل الدخول
Send Email,Send Email,Enviar correo electrónico,ارسل بريد الكتروني
Login as Member,Login as Member,Iniciar sesión como miembro,تسجيل الدخول كعضو
Email Logs,Email Logs,Registros de correo electrónico,سجلات البريد الإلكتروني
Last Login,Last Login,Último acceso,آخر تسجيل دخول
Information of User,Information of User,Información del usuario,معلومات المستخدم
2FA Verification,2FA Verification,Verificación de 2FA,2FA التحقق
Email Verification,Email Verification,verificacion de email,تأكيد بواسطة البريد الالكتروني
User Status,User Status,Estatus de usuario,حالة المستخدم
Banned,Banned,Prohibido,محظور
Verified,Verified,Verificado,تم التحقق
Select Type,Select Type,Seleccione tipo,اختر صنف
Balance Add,Balance Add,Balance Agregar,إضافة التوازن
Balance Subtract,Balance Subtract,Balance restante,توازن طرح
Select User Wallet,Select User Wallet,Seleccione la billetera del usuario,حدد محفظة المستخدم
User Wallet,User Wallet,Billetera del usuario,محفظة المستخدم
Mail successfully sended,Mail successfully sended,Correo enviado correctamente,تم إرسال البريد بنجاح
Email successfully sended,Email successfully sended,Correo electrónico enviado correctamente,أرسل البريد الإلكتروني بنجاح
Opps! User not exists,Opps! User not exists,¡Opps! El usuario no existe,أوس! المستخدم لا يوجد
User wallet not found!,User wallet not found!,¡Billetera de usuario no encontrada!,محفظة المستخدم لم يتم العثور عليها!
User do not have sufficient balance,User do not have sufficient balance,El usuario no tiene suficiente equilibrio,المستخدم ليس لديه توازن كاف
Transaction success,Transaction success,Éxito de transacciones,نجاح المعاملة
Full Name,Full Name,Nombre completo,الاسم الكامل
Phone Number,Phone Number,Número de teléfono,رقم التليفون
Close,Close,Cerca,يغلق
Send,Send,Enviar,يرسل
SL,SL,SLE,SL
MAC,MAC,MAC,ماك
Location,Location,Ubicación,موقع
Login at,Login at,Iniciar sesión en,تسجيل الدخول في
User Login Logs,User Login Logs,Registros de inicio de sesión de usuario,سجلات تسجيل الدخول المستخدم
User Email Logs,User Email Logs,Registros de correo electrónico de usuario,سجلات البريد الإلكتروني للمستخدم
Mail Sender(Method),Mail Sender(Method),Remitente de correo (método),مرسل البريد (الطريقة)
Select Users,Select Users,Seleccionar usuarios,حدد المستخدمين
Add Admin,Add Admin,Agregar administrador,إضافة المسؤول
Admin Profile Image,Admin Profile Image,Imagen de perfil de administración,صورة ملف تعريف المسؤول
Select Role,Select Role,Rol de selección,حدد الدور
Generate,Generate,Generar,يولد
Edit Admin,Edit Admin,Editar administrador,تحرير المسؤول
New admin created successfully!,New admin created successfully!,¡Nuevo administrador creado con éxito!,تم إنشاء مسؤول جديد بنجاح!
Failed to assign role.,Failed to assign role.,No se pudo asignar el rol.,فشل في تعيين الدور.
Admin information updated successfully!,Admin information updated successfully!,Información de administrador actualizada con éxito!,معلومات المسؤول تحديث بنجاح!
All Admin Roles,All Admin Roles,Todos los roles de administración,جميع أدوار المشرف
Role Name,Role Name,Nombre de rol,اسم الدور
Asign Admin,Asign Admin,Asign Admin,asign المشرف
Add New Role,Add New Role,Agregar un nuevo rol,أضف دورًا جديدًا
Edit Role,Edit Role,Rol de edición,تحرير الدور
Are you sure to delete this role?,Are you sure to delete this role?,¿Estás seguro de eliminar este papel?,هل أنت متأكد من حذف هذا الدور؟
Admin not found!,Admin not found!,Admin no encontrado!,المسؤول لم يتم العثور عليه!
Admin status updated successfully!,Admin status updated successfully!,Estado de administrador actualizado con éxito!,تم تحديث حالة المسؤول بنجاح!
Admin role created successfully!,Admin role created successfully!,¡Rol de administración creado con éxito!,تم إنشاء دور المسؤول بنجاح!
Opps! Target role not found!,Opps! Target role not found!,¡Opps! ¡Rol de objetivo no encontrado!,أوس! الدور المستهدف لم يتم العثور عليه!
Opps! Target not found!,Opps! Target not found!,¡Opps! ¡Objetivo no encontrado!,أوس! الهدف لم يتم العثور عليه!
Admin role updated successfully!,Admin role updated successfully!,¡Rol de administración actualizado con éxito!,تم تحديث دور المسؤول بنجاح!
Super admin role can\'t deletable.,Super admin role can\'t deletable.,El rol super administrador puede ser eliminable.,دور المشرف الفائق يمكن أن يكون قابلاً للحذف.
Target role not found!,Target role not found!,¡Rol de objetivo no encontrado!,الدور المستهدف لم يتم العثور عليه!
Admin role deleted successfully!,Admin role deleted successfully!,¡Rol de administrador eliminado con éxito!,تم حذف دور المسؤول بنجاح!
All Permissions,All Permissions,Todos los permisos,جميع الأذونات
Permission Name,Permission Name,Nombre de permiso,اسم إذن
Add New Permission,Add New Permission,Agregar nuevo permiso,أضف إذنًا جديدًا
Edit Permission,Edit Permission,Editar permiso,تحرير إذن
Permission created successfully!,Permission created successfully!,¡Permiso creado con éxito!,إذن تم إنشاؤه بنجاح!
Permission updated successfully!,Permission updated successfully!,¡Permiso actualizado con éxito!,تم تحديث إذن بنجاح!
Permission deleted successfully!,Permission deleted successfully!,¡Permiso eliminado con éxito!,تم حذف إذن بنجاح!
Role permission not found!,Role permission not found!,¡Permiso de rol no encontrado!,إذن الدور غير موجود!
Permission assign successfully!,Permission assign successfully!,Permiso asignar con éxito!,إذن تخصيص بنجاح!
Permission not found!,Permission not found!,¡Permiso no encontrado!,إذن لم يتم العثور عليه!
Admin deleted successfully!,Admin deleted successfully!,Admin eliminado con éxito!,تم حذف المسؤول بنجاح!
Site Base Color,Site Base Color,Color base del sitio,لون قاعدة الموقع
Site Name,Site Name,Nombre del sitio,اسم الموقع
Site Title,Site Title,Título del sitio,عنوان الموقع
Select Timezone,Select Timezone,Selecciona la zona horaria,اختر المجال الزمني
OTP Expiration,OTP Expiration,Vencimiento de OTP,انتهاء صلاحية OTP
Activation Settings,Activation Settings,Configuración de activación,إعدادات التنشيط
Secure Password,Secure Password,Contraseña segura,كلمة مرور تأمين
Agree Policy,Agree Policy,Política de acuerdo,توافق على السياسة
User Registration,User Registration,registro de usuario,تسجيل المستخدم
Force SSL,Force SSL,Forzar SSL,قوة SSL
Email Notification,Email Notification,Notificación de correo electrónico,إشعار البريد الإلكتروني
KYC Verification,KYC Verification,Verificación de KYC,التحقق من KYC
Activated,Activated,Activado,مفعل
Deactivated,Deactivated,Desactivado,إلغاء تنشيطه
The base color field is required.,The base color field is required.,Se requiere el campo de color base.,حقل اللون الأساسي مطلوب.
The web version field is required.,The web version field is required.,Se requiere el campo de la versión web.,حقل إصدار الويب مطلوب.
The site name field is required.,The site name field is required.,Se requiere el campo Nombre del sitio.,حقل اسم الموقع مطلوب.
The site title field is required.,The site title field is required.,Se requiere el campo de título del sitio.,حقل عنوان الموقع مطلوب.
The optp exp seconds field is required.,The optp exp seconds field is required.,Se requiere el campo OPTP EXP segundos.,مطلوب حقل OPTP Exp Seconds.
The timezone field is required.,The timezone field is required.,Se requiere el campo de la zona horaria.,مطلوب حقل المنطقة الزمنية.
Basic settings updated successfully!,Basic settings updated successfully!,Configuración básica actualizada con éxito!,الإعدادات الأساسية تحديث بنجاح!
Please setup KYC field first. Go to [Setup KYC] page from sidebar,Please setup KYC field first. Go to [Setup KYC] page from sidebar,Configure el campo KYC primero. Vaya a la página [Configurar KYC] desde la barra lateral,يرجى إعداد حقل KYC أولاً. انتقل إلى صفحة [Setup KYC] من الشريط الجانبي
You have to configure your system mail first.,You have to configure your system mail first.,Primero debe configurar el correo de su sistema.,يجب عليك تكوين بريد النظام الخاص بك أولاً.
Basic settings not found!,Basic settings not found!,Configuración básica no encontrada!,الإعدادات الأساسية غير موجودة!
Basic settings status updated successfully!,Basic settings status updated successfully!,Estado de configuración básica actualizada correctamente!,تم تحديث حالة الإعدادات الأساسية بنجاح!
Logo (Light Version),Logo (Light Version),Logotipo (versión ligera),شعار (إصدار الضوء)
Logo (Dark Version),Logo (Dark Version),Logotipo (versión oscura),شعار (نسخة مظلمة)
Favicon (Light Version),Favicon (Light Version),Favicon (versión ligera),Favicon (نسخة خفيفة)
Favicon (Dark Version),Favicon (Dark Version),Favicon (versión oscura),Favicon (نسخة مظلمة)
Basic setting not found! Please run database seeder,Basic setting not found! Please run database seeder,Configuración básica no encontrada! Ejecute un semiller de base de datos,الإعداد الأساسي لم يتم العثور عليه! الرجاء تشغيل قاعدة البيانات بذور
No changes to update.,No changes to update.,No hay cambios en la actualización.,لا توجد تغييرات للتحديث.
Image assets updated successfully!,Image assets updated successfully!,¡Activos de imagen actualizados con éxito!,أصول الصورة تحديث بنجاح!
Search Engine Optimization (SEO),Search Engine Optimization (SEO),Optimización de motores de búsqueda (SEO),تحسين محرك البحث (SEO)
Thumbnail Image,Thumbnail Image,Imagen en miniatura,صورة مصغرة
Social Title,Social Title,Título social,العنوان الاجتماعي
Social Description,Social Description,Descripción social,الوصف الاجتماعي
Tags,Tags,Etiquetas,العلامات
The title field is required.,The title field is required.,Se requiere el campo de título.,مطلوب حقل العنوان.
SEO information updated successfully!,SEO information updated successfully!,¡Información de SEO actualizada con éxito!,تم تحديث معلومات كبار المسئولين الاقتصاديين بنجاح!
Image,Image,Imagen,صورة
App Version,App Version,Version de aplicacion,نسخة التطبيق
The version field is required.,The version field is required.,Se requiere el campo de versión.,حقل الإصدار مطلوب.
Splash screen updated successfully!,Splash screen updated successfully!,¡Pantalla de salpicaduras actualizada con éxito!,تم تحديث شاشة دفقة بنجاح!
Android App URL,Android App URL,URL de la aplicación Android,Android App URL
iOS App URL,iOS App URL,URL de la aplicación iOS,IOS APP URL
The url title field is required.,The url title field is required.,Se requiere el campo de título de URL.,حقل عنوان عنوان URL مطلوب.
The android url field is required.,The android url field is required.,Se requiere el campo URL de Android.,مطلوب حقل url Android.
URL settings updated successfully!,URL settings updated successfully!,Configuración de URL actualizada con éxito!,تحديث إعدادات URL بنجاح!
Add New Screen,Add New Screen,Agregar nueva pantalla,أضف شاشة جديدة
Sub Title,Sub Title,Subtítulo,العنوان الفرعي
KYC Unverified,KYC Unverified,KYC no verificado,KYC غير التحقق
Edit KYC,Edit KYC,Editar kyc,تحرير KYC
KYC Profile,KYC Profile,Perfil de KYC,ملف KYC
Zip/Postal,Zip/Postal,Código postal,الرمز البريدي
Information of Logs,Information of Logs,Información de los registros,معلومات السجلات
File not found!,File not found!,¡Archivo no encontrado!,لم يتم العثور على الملف!
Proof Of Indentity,Proof Of Indentity,Prueba de sangría,إثبات البادئة
KYC Information,KYC Information,Información de KYC,معلومات KYC
Your KYC information is submited. Please wait for admin confirmation. When you are KYC verified you will show your submited information here.,Your KYC information is submited. Please wait for admin confirmation. When you are KYC verified you will show your submited information here.,"Se envía su información de KYC. Espere la confirmación del administrador. Cuando esté verificado KYC, mostrará su información enviada aquí.",معلومات KYC الخاصة بك هي وضعت. يرجى انتظار تأكيد المسؤول. عندما يتم التحقق من KYC ، ستعرض معلوماتك المأهولة هنا.
Your KYC information is verified,Your KYC information is verified,Su información de KYC está verificada,تم التحقق من معلومات KYC الخاصة بك
Your KYC information is rejected.,Your KYC information is rejected.,Su información de KYC es rechazada.,تم رفض معلومات KYC الخاصة بك.
Verify KYC,Verify KYC,Verificar KYC,تحقق من KYC
Edit Screen,Edit Screen,Pantalla de edición,تحرير الشاشة
The image field is required.,The image field is required.,Se requiere el campo de la imagen.,حقل الصورة مطلوب.
Onboard Screen Added Successfully!,Onboard Screen Added Successfully!,¡Pantalla a bordo agregada con éxito!,أضافت الشاشة على متن الطائرة بنجاح!
Onboard screen not found!,Onboard screen not found!,¡Pantalla a bordo no encontrada!,على متن الشاشة غير موجودة!
Onboard screen status updated successfully!,Onboard screen status updated successfully!,Estado de la pantalla a bordo actualizado correctamente!,تم تحديث حالة الشاشة على متن الطائرة بنجاح!
Onboard screen information updated successfully!,Onboard screen information updated successfully!,Información de pantalla a bordo actualizada correctamente!,تم تحديث معلومات الشاشة على متن الطائرة بنجاح!
Screen deleted successfully!,Screen deleted successfully!,¡Pantalla eliminada con éxito!,تم حذف الشاشة بنجاح!
There is no default language in your system. System will automatically select English as a default language.,There is no default language in your system. System will automatically select English as a default language.,No hay lenguaje predeterminado en su sistema. El sistema seleccionará automáticamente el inglés como idioma predeterminado.,لا توجد لغة افتراضية في نظامك. سيقوم النظام تلقائيًا بتحديد اللغة الإنجليزية كلغة افتراضية.
Add Language,Add Language,Agregar lenguaje,إضافة لغة
Language Manager,Language Manager,Administrador de idiomas,مدير اللغة
Selectable,Selectable,Seleccionable,يمكن اختياره
Import,Import,Importar,يستورد
Language Name,Language Name,Nombre del lenguaje,اسم اللغة
Language Code,Language Code,Código de lenguaje,رمز اللغة
Direction,Direction,Dirección,اتجاه
LTR,LTR,LTR,LTR
RTL,RTL,RTL,RTL
Language created successfully!,Language created successfully!,¡Lenguaje creado con éxito!,اللغة التي تم إنشاؤها بنجاح!
Edit Language,Edit Language,Editar lenguaje,تحرير اللغة
Language Information,Language Information,Información del idioma,معلومات اللغة
Language status updated successfully!,Language status updated successfully!,Estado del idioma actualizado con éxito!,تم تحديث حالة اللغة بنجاح!
Please deselect your default language first.,Please deselect your default language first.,"Por favor, anote su idioma predeterminado primero.",يرجى إلغاء تحديد لغتك الافتراضية أولاً.
Language deleted successfully!,Language deleted successfully!,Lenguaje eliminado con éxito!,تم حذف اللغة بنجاح!
Language updated successfully!,Language updated successfully!,¡Lenguaje actualizado con éxito!,تم تحديث اللغة بنجاح!
Opps! Language not found!,Opps! Language not found!,¡Opps! ¡Lenguaje no encontrado!,أوس! اللغة لم يتم العثور عليها!
File does not exists.,File does not exists.,El archivo no existe.,الملف لا يوجد.
Language Keywords of English,Language Keywords of English,Palabras clave del idioma del inglés,كلمات اللغة الرئيسية للغة الإنجليزية
Email Send Method,Email Send Method,Método de envío de correo electrónico,طريقة إرسال البريد الإلكتروني
Send Mail,Send Mail,Enviar correo,ارسل بريد
Host,Host,Anfitrión,يستضيف
Port,Port,Puerto,ميناء
Excryption,Excryption,Excryción,الإثارة
SSL,SSL,Ssl,SSL
TLS,TLS,TLS,TLS
Send Test Mail,Send Test Mail,Enviar correo de prueba,إرسال بريد الاختبار
Information updated successfully!,Information updated successfully!,Información actualizada con éxito!,تم تحديث المعلومات بنجاح!
Email send successfully!,Email send successfully!,¡Envíe el correo electrónico con éxito!,إرسال البريد الإلكتروني بنجاح!
The method field is required.,The method field is required.,Se requiere el campo de método.,حقل الطريقة مطلوب.
The host field is required.,The host field is required.,Se requiere el campo de host.,حقل المضيف مطلوب.
The port field is required.,The port field is required.,Se requiere el campo portuario.,حقل المنفذ مطلوب.
The encryption field is required.,The encryption field is required.,Se requiere el campo de cifrado.,حقل التشفير مطلوب.
The username field is required.,The username field is required.,Se requiere el campo de nombre de usuario.,حقل اسم المستخدم مطلوب.
Deactive,Deactive,Desactivo,إلهي
Setup KYC,Setup KYC,Configurar KYC,إعداد KYC
KYC Data Form,KYC Data Form,Formulario de datos de KYC,نموذج بيانات KYC
ex: 10,ex: 10,Ej: 10,على سبيل المثال: 10
"ex: jpg, png, pdf","ex: jpg, png, pdf","Ej: JPG, PNG, PDF",على سبيل المثال: JPG ، PNG ، PDF
ex: 6,ex: 6,Ej: 6,على سبيل المثال: 6
ex: 16,ex: 16,Ej: 16,على سبيل المثال: 16
Options,Options,Opción,خيارات
KYC status updated successfully!,KYC status updated successfully!,Estado de KYC actualizado con éxito!,تم تحديث حالة KYC بنجاح!
Button Image,Button Image,Imagen de botón,زر الصورة
Section Title,Section Title,Sección de título,عنوان القسم
Heading,Heading,Título,عنوان
For Separate Heading color use '|' sing to divide,For Separate Heading color use '|' sing to divide,Para el uso de color de encabezado separado '|' cantar para dividir,لاستخدام لون العنوان المنفصل '|' الغناء للتقسيم
Sub Heading,Sub Heading,Subtítulos,العنوان الفرعي
Button Name,Button Name,Nombre del botón,اسم الزر
Button Link,Button Link,Enlace de botón,رابط زر
Section updated successfully!,Section updated successfully!,Sección actualizada con éxito!,تم تحديث القسم بنجاح!
For color use '[]',For color use '[]',Para el uso del color '[]',لاستخدام اللون '[]'
Add New Security,Add New Security,Agregar nueva seguridad,أضف أمنًا جديدًا
Icon,Icon,Icono,أيقونة
Edit Security Item,Edit Security Item,Editar elemento de seguridad,تحرير عنصر الأمان
Section item added successfully!,Section item added successfully!,¡Artículo de sección agregado con éxito!,تم إضافة عنصر القسم بنجاح!
Section item deleted successfully!,Section item deleted successfully!,Sección Artículo eliminado con éxito!,تم حذف عنصر القسم بنجاح!
Section item status updated successfully!,Section item status updated successfully!,Estado del elemento de sección actualizado correctamente!,تم تحديث حالة عنصر القسم بنجاح!
Items not found or invalid!,Items not found or invalid!,¡Artículos no encontrados o inválidos!,العناصر غير موجودة أو غير صالحة!
Add Step,Add Step,Agregar paso,أضف خطوة
Add Item,Add Item,Añadir artículo,اضافة عنصر
Section item updated successfully!,Section item updated successfully!,¡Sección Artículo actualizado con éxito!,تم تحديث عنصر القسم بنجاح!
Link,Link,Enlace,وصلة
Counter Value,Counter Value,Valor del contador,قيمة العداد
Add Statistic,Add Statistic,Agregar estadística,أضف الإحصاء
Social Links,Social Links,vínculos sociales,روابط اجتماعية
Question,Question,Pregunta,سؤال
Answer,Answer,Respuesta,إجابة
Add Service,Add Service,Agregar servicio,أضف الخدمة
Edit Service,Edit Service,Editar servicio,تحرير الخدمة
Add New Faq,Add New Faq,Agregar nuevas preguntas frecuentes,أضف الأسئلة الشائعة الجديدة
Edit Solution,Edit Solution,Solución de edición,تحرير الحل
Web blog Dashboard,Web blog Dashboard,Tablero de blogs web,لوحة معلومات مدونة الويب
Add Category,Add Category,añadir categoría,إضافة فئة
Add New Blog,Add New Blog,Agregar nuevo blog,أضف مدونة جديدة
Total Category,Total Category,Categoría total,إجمالي الفئة
Active Category,Active Category,Categoría activa,فئة نشطة
Active Blogs,Active Blogs,Blogs activos,المدونات النشطة
Deactive Blogs,Deactive Blogs,Blogs desactivos,مدونات إلهي
this blog?,this blog?,este blog?,هذه المدونة؟
this item?,this item?,¿éste ítem?,هذه الماده؟
Edit Item,Edit Item,Elemento de edición,تعديل عنصر
Add FAQ,Add FAQ,Agregar preguntas frecuentes,إضافة الأسئلة الشائعة
Web Blog Section,Web Blog Section,Sección de blogs web,قسم مدونة الويب
New Blog Create,New Blog Create,Nuevo blog crea,مدونة جديدة إنشاء
Add Tags,Add Tags,Agregar etiquetas,اضف اشارة
Blog Edit Page,Blog Edit Page,Página de edición de blog,صفحة تحرير المدونة
Blog Categories,Blog Categories,Categorías de blogs,فئات المدونة
Add Blog Category,Add Blog Category,Añadir categoría de blog,إضافة فئة المدونة
Edit Blog Category,Edit Blog Category,Editar categoría de blog,تحرير فئة المدونة
Category added successfully.,Category added successfully.,Categoría agregada con éxito.,وأضاف الفئة بنجاح.
Category status updated successfully!,Category status updated successfully!,Estado de categoría actualizado con éxito!,تحديث حالة الفئة بنجاح!
Blog Category Updated Successfully.,Blog Category Updated Successfully.,Categoría de blog actualizada con éxito.,تم تحديث فئة المدونة بنجاح.
Category successfully deleted.,Category successfully deleted.,Categoría eliminada con éxito.,تم حذف الفئة بنجاح.
Blog deleted successfully!,Blog deleted successfully!,¡Blog eliminado con éxito!,تم حذف المدونة بنجاح!
Blog Data Updated Successfully.,Blog Data Updated Successfully.,Datos de blog actualizados con éxito.,تم تحديث بيانات الفكرة بنجاح.
Blog status updated successfully!,Blog status updated successfully!,Estado del blog actualizado con éxito!,تم تحديث حالة المدونة بنجاح!
Blog created successfully!,Blog created successfully!,Blog creado con éxito!,تم إنشاء المدونة بنجاح!
Select Category,Select Category,selecciona una categoría,اختر الفئة
this category?,this category?,esta categoría?,هذه الفئة؟
Page Name,Page Name,Nombre de la página,اسم الصفحة
Setup Page status updated successfully!,Setup Page status updated successfully!,Estado de la página de configuración actualizado correctamente!,تم تحديث حالة صفحة الإعداد بنجاح!
Instructions,Instructions,Instrucciones,تعليمات
Update Extension,Update Extension,Extensión de actualización,تمديد تحديث
Add Link,Add Link,Añadir enlace,إضافة رابط
Slug,Slug,Babosa,سبيكة
Content,Content,Contenido,محتوى
Use for make page link (URL),Use for make page link (URL),Usar para hacer el enlace de página (URL),استخدم لجعل رابط الصفحة (URL)
Are you sure to delete this link?,Are you sure to delete this link?,¿Seguro que eliminará este enlace?,هل أنت متأكد من حذف هذا الرابط؟
Useful link added successfully!,Useful link added successfully!,Enlace útil agregado con éxito!,رابط مفيد أضيفت بنجاح!
Edit Usefull Link,Edit Usefull Link,Editar enlace útil,تحرير رابط مفيد
Useful link updated successfully!,Useful link updated successfully!,Enlace útil actualizado con éxito!,رابط مفيد تم تحديثه بنجاح!
Useful link deleted successfully!,Useful link deleted successfully!,Enlace útil eliminado con éxito!,رابط مفيد تم حذفه بنجاح!
Useful link status updated successfully!,Useful link status updated successfully!,Estado útil del enlace actualizado correctamente!,تم تحديث حالة الرابط المفيدة بنجاح!
Website Subscribers,Website Subscribers,Suscriptores del sitio web,مشتركي الموقع
Send Mail to All,Send Mail to All,Enviar correo a todos,أرسل البريد إلى الجميع
Send mail to all subscribers,Send mail to all subscribers,Enviar correo a todos los suscriptores,أرسل بريدًا إلى جميع المشتركين
Reply sended successfully!,Reply sended successfully!,Respuesta enviada con éxito!,رد تم إرساله بنجاح!
Automatic Payment Method,Automatic Payment Method,Método de pago automático,طريقة الدفع التلقائي
Gateway,Gateway,Puerta,بوابة
Supported Currency,Supported Currency,Moneda compatible,العملة المدعومة
Enabled Currency,Enabled Currency,Moneda habilitada,عملة ممكّنة
Gateway Image,Gateway Image,Imagen de puerta de enlace,بوابة صورة
Add Automatic Gateway,Add Automatic Gateway,Agregar puerta de enlace automática,إضافة بوابة تلقائية
Gateway Name,Gateway Name,Nombre de la puerta de enlace,اسم البوابة
Gateway Title,Gateway Title,Título de puerta de enlace,عنوان البوابة
Supported Currencies,Supported Currencies,Monedas compatibles,العملات المدعومة
Genarate Fields,Genarate Fields,Campos de genarato,حقول الجينارات
Value,Value,Valor,قيمة
Update Gateway,Update Gateway,Actualización de la puerta de enlace,تحديث بوابة
Crypto,Crypto,Cripto,تشفير
Gateway Environment,Gateway Environment,Entorno de puerta de enlace,بيئة بوابة
Production,Production,Producción,إنتاج
Sandbox,Sandbox,Salvadera,صندوق الرمل
Crypto Assets,Crypto Assets,Activos criptográficos,أصول التشفير
Global Setting for,Global Setting for,Escenario global para,الإعداد العالمي ل
in bellow,in bellow,a la derecha,في دار العالي
Total Supported Currency,Total Supported Currency,Moneda total compatible,إجمالي العملة المدعومة
Amount Limit,Amount Limit,Límite de cantidad,حد المبلغ
Minimum,Minimum,Mínimo,الحد الأدنى
Maximum,Maximum,Máximo,أقصى
Charge,Charge,Cargar,تكلفة
Fixed,Fixed,Fijado,مُثَبَّت
Percent,Percent,Por ciento,نسبه مئويه
The gateway name has already been taken.,The gateway name has already been taken.,El nombre de la puerta de entrada ya ha sido tomado.,تم بالفعل أخذ اسم البوابة.
Payment gateway added successfully!,Payment gateway added successfully!,¡PAGO GIERTWAY agregado con éxito!,وأضاف بوابة الدفع بنجاح!
Payment gateway status updated successfully!,Payment gateway status updated successfully!,Estado de la pasarela de pago actualizado correctamente!,تم تحديث حالة بوابة الدفع بنجاح!
Image upload failed! Please try again.,Image upload failed! Please try again.,¡Falló la carga de la imagen! Inténtalo de nuevo.,فشل تحميل الصورة! حاول مرة اخرى.
Payment gateway updated successfully!,Payment gateway updated successfully!,¡Pase de entrada actualizada con éxito!,تم تحديث بوابة الدفع بنجاح!
Payment gateway deleted successfully!,Payment gateway deleted successfully!,¡Pague Piesway eliminado con éxito!,تم حذف بوابة الدفع بنجاح!
Manual Payment Method,Manual Payment Method,Método de pago manual,طريقة الدفع اليدوي
Currency Code,Currency Code,Código de moneda,رمز العملة
Currency Symbol,Currency Symbol,Símbolo de moneda,رمز العملة
ex: Paypal,ex: Paypal,Ej: PayPal,على سبيل المثال: PayPal
ex: United State Dollar,ex: United State Dollar,Ej: dólar estatal unido,على سبيل المثال: United State Dollar
ex: USD,ex: USD,Ej: USD,على سبيل المثال: USD
ex: $,ex: $,Ej: $,على سبيل المثال: $
Manual Payment Method Edit,Manual Payment Method Edit,Método de pago manual editar,تحرير طريقة الدفع اليدوي
Manual Payment Method Create,Manual Payment Method Create,Método de pago manual Crear,طريقة الدفع اليدوي
Money Out Add,Money Out Add,Dinero fuera agregado,أموال إضافة
Money Out Edit,Money Out Edit,Dinero fuera editar,المال خارج تحرير
Browser Push Notification Configuration,Browser Push Notification Configuration,Configuración de notificación de push del navegador,تكوين إشعار دفع المتصفح
Method,Method,Método,طريقة
Select Method,Select Method,Seleccionar método,حدد الطريقة
Primary key,Primary key,Clave primaria,المفتاح الأساسي
Instance ID,Instance ID,ID de instancia,معرف مثيل
Broadcasting/ Internal Notification Configuration,Broadcasting/ Internal Notification Configuration,Configuración de transmisión/ notificación interna,تكوين الإذاعة/ الإخطار الداخلي
Cluster,Cluster,Grupo,تَجَمَّع
Secret key,Secret key,Llave secreta,المفتاح السري
APP ID,APP ID,ID de aplicación,معرف التطبيق
Body,Body,Cuerpo,جسم
Time,Time,Tiempo,وقت
Latest Notifications,Latest Notifications,Últimas notificaciones,أحدث الإخطارات
Notification Body,Notification Body,Cuerpo de notificación,هيئة الإخطار
Sorry! You have to configure first to send push notification.,Sorry! You have to configure first to send push notification.,¡Lo siento! Debe configurar primero para enviar una notificación push.,آسف! يجب عليك تكوين أولاً لإرسال إشعار الدفع.
Opps! Failed to store information.,Opps! Failed to store information.,¡Opps! No pudo almacenar información.,أوس! فشل في تخزين المعلومات.
Notification sended successfully!,Notification sended successfully!,¡Notificación enviada con éxito!,أرسل الإخطار بنجاح!
Push notification configuration updated successfully!,Push notification configuration updated successfully!,¡Push Notification Configuration actualizada con éxito!,دفع تكوين إشعار تم تحديثه بنجاح!
Policy Link,Policy Link,Enlace de política,رابط السياسة
Cookie information updated successfully!,Cookie information updated successfully!,¡Información de cookies actualizada con éxito!,تم تحديث معلومات ملفات تعريف الارتباط بنجاح!
App Name,App Name,Nombre de la aplicación,اسم التطبيق
App Environment,App Environment,Entorno de aplicaciones,بيئة التطبيق
App Debug,App Debug,Depurar la aplicación,تصحيح التطبيق
App Mode,App Mode,Modo de aplicación,وضع التطبيق
Database Connection,Database Connection,Conexión de base de datos,اتصال قاعدة البيانات
Database Host,Database Host,Host de base de datos,مضيف قاعدة البيانات
Database Port,Database Port,Puerto de base de datos,منفذ قاعدة البيانات
Database Name,Database Name,Nombre de la base de datos,اسم قاعدة البيانات
Database Username,Database Username,Nombre de usuario de la base de datos,قاعدة بيانات قاعدة البيانات
PHP Version,PHP Version,Versión php,إصدار PHP
Laravel Version,Laravel Version,Versión de Laravel,نسخة لارافيل
Server Software,Server Software,Software de servidor,برنامج الخادم
Server IP Address,Server IP Address,Dirección IP del servidor,عنوان IP الخادم
Server Protocol,Server Protocol,Protocolo de servidor,بروتوكول الخادم
Version,Version,Versión,إصدار
"Cache Clear Successfully!","Cache Clear Successfully!","¡Cache, claro con éxito!","ذاكرة التخزين المؤقت واضح بنجاح!"
"Language switch successfully!","Language switch successfully!","¡Cambio de idioma con éxito!","تبديل اللغة بنجاح!"
No new notification found!,No new notification found!,¡No se encontró una nueva notificación!,لم يتم العثور على إشعار جديد!
Password Change,Password Change,Cambio de contraseña,تغيير كلمة السر
Language,Language,Idioma,لغة
English,English,Inglés,إنجليزي
Dark Mode,Dark Mode,Modo oscuro,الوضع المظلم
Light Mode,Light Mode,Modo de luz,وضع الضوء
RTL Support,RTL Support,Soporte RTL,دعم RTL
Categories,Categories,Categorías,فئات
Recent Posts,Recent Posts,Mensajes recientes,المشاركات الاخيرة
Category,Category,Categoría,فئة
Select Language,Select Language,Seleccione el idioma,اختار اللغة
"Language File (.xlsx, .csv)","Language File (.xlsx, .csv)","Archivo de idioma (.xlsx, .csv)",ملف اللغة (.xlsx ، .csv)
Mail From Address,Mail From Address,Correo desde la dirección,البريد من العنوان
Min Sidebar Color,Min Sidebar Color,Min Color de la barra lateral,لون الشريط الجانبي
Sidebar Color,Sidebar Color,Color de la barra lateral,لون الشريط الجانبي
Topbar Color,Topbar Color,Color topbar,لون الشفر
Layout Mode,Layout Mode,Modo de diseño,وضع التصميم
Total Buy Crypto Transactions,Total Buy Crypto Transactions,Total de compra de transacciones criptográficas,إجمالي شراء معاملات التشفير
Convert Amount,Convert Amount,Convierta la cantidad,تحويل المبلغ
You cannot exchange crypto using the same wallet,You cannot exchange crypto using the same wallet,No puedes intercambiar cripto usando la misma billetera,لا يمكنك تبادل التشفير باستخدام نفس المحفظة
Basic Settings Data Fetch Successfully.,Basic Settings Data Fetch Successfully.,Configuración básica Los datos obtienen éxito.,إعدادات الإعدادات الأساسية جلب بنجاح.
Language data fetch successfully!,Language data fetch successfully!,¡Los datos del idioma obtienen con éxito!,جلب بيانات اللغة بنجاح!
Notification Data Fetch Successfuly.,Notification Data Fetch Successfuly.,Los datos de notificación obtienen éxito.,بيانات الإخطار جلبت ناجحة.
Country List Fetch Successfully!,Country List Fetch Successfully!,¡Lista de país para obtener con éxito!,القائمة الريفية جلب بنجاح!
Netwok Name,Netwok Name,Nombre de netwok,اسم Netwok
Active Ticket,Active Ticket,Boleto activo,تذكرة نشطة
Solved Ticket,Solved Ticket,Boleto resuelto,تذكرة حل
Pending Ticket,Pending Ticket,Boleto pendiente,تذكرة معلقة
All Ticket,All Ticket,Todo el boleto,كل التذاكر